breakdown,group,rows,method,exact_match,bleu4,rouge1_f1,rouge2_f1,rougeL_f1,semantic_cosine_bge_m3,format_type_match,format_structure_score,validator_adherence,validator_rows,length_diff_tokens,absolute_length_diff_tokens,length_ratio_tokens,terminated_with_eos,length_diff_chars,trajectory_kl_macro,trajectory_kl_micro,trajectory_token_count
overall,all,276,base_no_prompt,0.007246376811594203,0.15491667548348237,0.41593020062049707,0.22415029990345134,0.27618004656887063,0.8213052336072576,0.5072463768115942,0.683169251130855,0.05,60,29.108695652173914,59.96376811594203,2.6413595984408733,0.41304347826086957,69.5036231884058,0.3375503370906611,0.14960338645996482,48385
overall,all,276,full_prompt,1.0,1.0,1.0,1.0,1.0,1.0,1.0,1.0,0.6833333333333333,60,0.0,0.0,1.0,0.5036231884057971,0.0,0.0,0.0,48385
overall,all,276,qtraj_teacher_margin,0.13043478260869565,0.4269732387620928,0.6222032863144846,0.48289661882500745,0.5259644835621863,0.9306940889876821,0.8043478260869565,0.8720805332215353,0.5333333333333333,60,13.365942028985508,32.29347826086956,1.258274771372095,0.42391304347826086,28.456521739130434,0.3637166816744026,0.3121269070494385,48385
overall,all,276,qtraj_topk_delta,0.10869565217391304,0.4112845061384626,0.6322288615228306,0.47057171502069906,0.5153115506199745,0.9229429074819537,0.7789855072463768,0.8742828670606961,0.5833333333333334,60,0.5217391304347826,23.71014492753623,1.2728090158037106,0.5,-10.681159420289855,0.1236056366335127,0.1459385319556582,48385
overall,all,276,qtraj_teacher_auto_margin,1.0,1.0,1.0,1.0,1.0,0.9999999328367952,1.0,1.0,0.6833333333333333,60,0.0,0.0,1.0,0.5036231884057971,0.0,0.06778934443612412,0.06712946985942383,48385
language,en,138,base_no_prompt,0.014492753623188406,0.20985537483934386,0.4740455001313446,0.28442049605967645,0.35280534412540987,0.8297805246235668,0.5652173913043478,0.7052411166342495,0.0,30,30.195652173913043,65.60144927536231,2.7224979908807625,0.5434782608695652,87.14492753623189,0.3432305105635188,0.14760464719951408,22341
language,en,138,full_prompt,1.0,1.0,1.0,1.0,1.0,1.0000000043191772,1.0,1.0,0.8,30,0.0,0.0,1.0,0.6086956521739131,0.0,0.0,0.0,22341
language,en,138,qtraj_teacher_margin,0.15217391304347827,0.4884595601775327,0.6887561762755191,0.5482461155330987,0.6040395650144644,0.9315382168776747,0.8333333333333334,0.8773221576439386,0.6333333333333333,30,7.659420289855072,30.963768115942027,1.1501815340307329,0.5434782608695652,27.043478260869566,0.3630247590681461,0.36372440335282047,22341
language,en,138,qtraj_topk_delta,0.13768115942028986,0.4812530681711142,0.6974772511519118,0.5468206537916949,0.6028450674509965,0.9333724988543469,0.8333333333333334,0.8890230125736434,0.6333333333333333,30,-6.27536231884058,25.782608695652176,1.0473544113215965,0.6304347826086957,-31.652173913043477,0.14636025167337854,0.203333517037224,22341
language,en,138,qtraj_teacher_auto_margin,1.0,1.0,1.0,1.0,1.0,0.999999920959058,1.0,1.0,0.8,30,0.0,0.0,1.0,0.6086956521739131,0.0,0.059612182987290895,0.062154090801517785,22341
language,zh,138,base_no_prompt,0.0,0.0999779761276207,0.357814901109649,0.16388010374722609,0.19955474901233117,0.8128299425909484,0.4492753623188406,0.6610973856274605,0.1,30,28.02173913043478,54.32608695652174,2.5602212060009824,0.2826086956521739,51.86231884057971,0.3318701636178031,0.1513179400545636,26044
language,zh,138,full_prompt,1.0,1.0,1.0,1.0,1.0,0.9999999956808229,1.0,1.0,0.5666666666666667,30,0.0,0.0,1.0,0.39855072463768115,0.0,0.0,0.0,26044
language,zh,138,qtraj_teacher_margin,0.10869565217391304,0.3654869173466524,0.5556503963534497,0.41754712211691575,0.44788940210990824,0.9298499610976897,0.7753623188405797,0.8668389087991324,0.43333333333333335,30,19.07246376811594,33.6231884057971,1.3663680087134573,0.30434782608695654,29.869565217391305,0.36440860428065897,0.26786566972361125,26044
language,zh,138,qtraj_topk_delta,0.07971014492753623,0.3413159441058114,0.5669804718937496,0.3943227762497027,0.42777803378895235,0.9125133161095605,0.7246376811594203,0.8595427215477498,0.5333333333333333,30,7.318840579710145,21.63768115942029,1.4982636202858244,0.3695652173913043,10.289855072463768,0.10085102159364687,0.09670410707056874,26044
language,zh,138,qtraj_teacher_auto_margin,1.0,1.0,1.0,1.0,1.0,0.9999999447145324,1.0,1.0,0.5666666666666667,30,0.0,0.0,1.0,0.39855072463768115,0.0,0.0759665058849574,0.07139743728119792,26044
task_family,descriptive,180,base_no_prompt,0.0,0.17835087946694578,0.472424801986375,0.2550448838303077,0.3089275460598182,0.8464253197113673,0.5722222222222222,0.7596440660193795,,0,-2.588888888888889,40.08888888888889,1.1594081477803695,0.43333333333333335,-48.40555555555556,0.11288707858414701,0.10922155634454082,36637
task_family,descriptive,180,full_prompt,1.0,1.0,1.0,1.0,1.0,1.0000000006622738,1.0,1.0,,0,0.0,0.0,1.0,0.4,0.0,0.0,0.0,36637
task_family,descriptive,180,qtraj_teacher_margin,0.03888888888888889,0.3718342867151611,0.5981006631495803,0.42762483798255174,0.4722057375823523,0.9251546021964815,0.7833333333333333,0.853643834805286,,0,8.844444444444445,23.166666666666668,1.1310761694603453,0.3388888888888889,6.694444444444445,0.2642724845412558,0.23771675304328482,36637
task_family,descriptive,180,qtraj_topk_delta,0.027777777777777776,0.359857650335342,0.6083893341247749,0.41909655602078283,0.46524037694351905,0.9168110423617892,0.7722222222222223,0.8672459432593224,,0,-1.788888888888889,15.677777777777777,1.0147938148456412,0.3888888888888889,-23.05,0.07096815619788778,0.08043900164154541,36637
task_family,descriptive,180,qtraj_teacher_auto_margin,1.0,1.0,1.0,1.0,1.0,0.9999999486737781,1.0,1.0,,0,0.0,0.0,1.0,0.4,0.0,0.05439980589355749,0.059944764669946415,36637
task_family,format,36,base_no_prompt,0.0,0.03473587157940716,0.19416367063361062,0.0741752253165726,0.12695236975798171,0.7070167064666748,0.16666666666666666,0.43140552302519714,0.08333333333333333,36,102.02777777777777,114.69444444444444,6.758521767958019,0.4166666666666667,377.3333333333333,0.8986594175152097,0.27218354322254174,4286
task_family,format,36,full_prompt,1.0,1.0,1.0,1.0,1.0,0.9999999933772616,1.0,1.0,0.7777777777777778,36,0.0,0.0,1.0,0.6666666666666666,0.0,0.0,0.0,4286
task_family,format,36,qtraj_teacher_margin,0.3333333333333333,0.6055889956687858,0.726315903559427,0.664824549307605,0.7051087186604073,0.956467847029368,0.9166666666666666,0.9698530746149794,0.6944444444444444,36,0.9444444444444444,37.333333333333336,1.3192205369739103,0.7222222222222222,34.05555555555556,0.7007350284820251,0.8915400709496287,4286
task_family,format,36,qtraj_topk_delta,0.3333333333333333,0.5340528645006313,0.678814967541956,0.599477186400718,0.6430615276564731,0.9403752005762525,0.8611111111111112,0.9537086810896334,0.8055555555555556,36,-6.472222222222222,51.861111111111114,1.3992037665367363,0.7777777777777778,19.02777777777778,0.3738297405080741,0.7267762144277161,4286
task_family,format,36,qtraj_teacher_auto_margin,1.0,1.0,1.0,1.0,1.0,0.9999999089373482,1.0,1.0,0.7777777777777778,36,0.0,0.0,1.0,0.6666666666666666,0.0,0.0830836263694264,0.07649676370854121,4286
task_family,output_control,24,base_no_prompt,0.0,0.09323876151438087,0.26532641479300206,0.1599141129797714,0.21450712100098657,0.7575597030421098,0.2916666666666667,0.4633365245411667,0.0,24,105.375,105.375,7.944069878441404,0.375,359.7916666666667,1.1556633894750281,0.3239489903035117,2379
task_family,output_control,24,full_prompt,1.0,1.0,1.0,1.0,1.0,1.0000000049670537,1.0,1.0,0.5416666666666666,24,0.0,0.0,1.0,0.75,0.0,0.0,0.0,2379
task_family,output_control,24,qtraj_teacher_margin,0.5,0.6158959347517537,0.7362586664108566,0.6802010854191766,0.7185604256582717,0.9448677053054174,0.875,0.8737553121935272,0.2916666666666667,24,10.333333333333334,57.416666666666664,1.2527603952003157,0.7083333333333334,58.625,0.49034124412526525,0.34590625556459514,2379
task_family,output_control,24,qtraj_topk_delta,0.375,0.5863758916068377,0.7220968143643914,0.6371126027616771,0.6817429107803373,0.9386630554993948,0.875,0.8871020232324355,0.25,24,10.291666666666666,34.958333333333336,3.1874486190126543,0.7916666666666666,-0.5416666666666666,0.15750242663583727,0.12073665284910609,2379
task_family,output_control,24,qtraj_teacher_auto_margin,1.0,1.0,1.0,1.0,1.0,1.0000000049670537,1.0,1.0,0.5416666666666666,24,0.0,0.0,1.0,0.75,0.0,0.09741549726976863,0.06005595881385361,2379
task_family,style,36,base_no_prompt,0.05555555555555555,0.19904506878297423,0.4556262476629894,0.2624765794718344,0.302785509636944,0.8524903506040573,0.6666666666666666,0.699114055853687,,0,63.833333333333336,74.33333333333333,2.3988144955592174,0.3333333333333333,157.69444444444446,0.3543488476091044,0.25570654729226727,5083
task_family,style,36,full_prompt,1.0,1.0,1.0,1.0,1.0,1.0,1.0,1.0,,0,0.0,0.0,1.0,0.6944444444444444,0.0,0.0,0.0,5083
task_family,style,36,qtraj_teacher_margin,0.1388888888888889,0.39810377809694936,0.5625668648298148,0.4457912814919076,0.4872166836324134,0.9231686873568429,0.75,0.8653749645946771,,0,50.416666666666664,56.138888888888886,1.836998266110213,0.3611111111111111,111.55555555555556,0.43950294556527214,0.34408420032696896,5083
task_family,style,36,qtraj_topk_delta,0.1111111111111111,0.42892283647964896,0.6449284239329446,0.4880147801462724,0.526963201858846,0.9256898413101832,0.6666666666666666,0.8214955679241394,,0,12.555555555555555,28.22222222222222,1.1600638677217339,0.5833333333333334,14.694444444444445,0.11397107493552644,0.14007413208105501,5083
task_family,style,36,qtraj_teacher_auto_margin,1.0,1.0,1.0,1.0,1.0,0.9999998294644885,1.0,1.0,,0,0.0,0.0,1.0,0.6944444444444444,0.0,0.09969198665989218,0.11432712977816945,5083
length_variant,long_redundant,92,base_no_prompt,0.010869565217391304,0.14266109519657394,0.4026370656043217,0.21264224378772809,0.26436184998759715,0.8218337644053542,0.4891304347826087,0.6740218775818301,0.05,20,31.152173913043477,65.15217391304348,2.589324813626088,0.41304347826086957,72.68478260869566,0.32223321976687513,0.15277037008264932,15943
length_variant,long_redundant,92,full_prompt,1.0,1.0,1.0,1.0,1.0,0.999999990929728,1.0,1.0,0.7,20,0.0,0.0,1.0,0.532608695652174,0.0,0.0,0.0,15943
length_variant,long_redundant,92,qtraj_teacher_margin,0.13043478260869565,0.4202593200507203,0.6111177517933839,0.48137470642756713,0.5216606422175982,0.9302939312613528,0.8260869565217391,0.8662008082512681,0.55,20,12.043478260869565,39.17391304347826,1.327490509006246,0.45652173913043476,28.17391304347826,0.3798428191394893,0.3402188423812543,15943
length_variant,long_redundant,92,qtraj_topk_delta,0.11956521739130435,0.4334458925930402,0.644903322136203,0.4923374733603127,0.5321046242603894,0.9268036782741547,0.7717391304347826,0.8637817237972518,0.6,20,-0.7608695652173914,25.91304347826087,1.1042135830220212,0.532608695652174,-15.597826086956522,0.1367121985951742,0.1751193987937935,15943
length_variant,long_redundant,92,qtraj_teacher_auto_margin,1.0,1.0,1.0,1.0,1.0,0.99999990735365,1.0,1.0,0.7,20,0.0,0.0,1.0,0.532608695652174,0.0,0.06554002595415608,0.06629184491868968,15943
length_variant,medium_redundant,92,base_no_prompt,0.010869565217391304,0.15622312452003956,0.41689566146245566,0.22426515302844258,0.27642419180492356,0.8228988284650056,0.4782608695652174,0.6789680984987411,0.05,20,26.57608695652174,58.141304347826086,2.471679803816303,0.41304347826086957,57.130434782608695,0.32001502553621775,0.16322153093406022,16360
length_variant,medium_redundant,92,full_prompt,1.0,1.0,1.0,1.0,1.0,0.9999999980563703,1.0,1.0,0.65,20,0.0,0.0,1.0,0.4891304347826087,0.0,0.0,0.0,16360
length_variant,medium_redundant,92,qtraj_teacher_margin,0.13043478260869565,0.4206061864260998,0.6243644822846771,0.47881585457326853,0.5234604849880394,0.9296712447767672,0.782608695652174,0.8583096766521285,0.5,20,11.097826086956522,29.25,1.1906466458617986,0.40217391304347827,14.66304347826087,0.38113293810734744,0.3502759894435146,16360
length_variant,medium_redundant,92,qtraj_topk_delta,0.08695652173913043,0.38317762684502893,0.6175519192939478,0.44952084612769916,0.4922628882937789,0.92232938564342,0.7934782608695652,0.8746856333759974,0.6,20,-2.989130434782609,26.880434782608695,1.0815402741037068,0.5108695652173914,-20.815217391304348,0.14330858538997054,0.18314643766959213,16360
length_variant,medium_redundant,92,qtraj_teacher_auto_margin,1.0,1.0,1.0,1.0,1.0,0.9999999578880228,1.0,1.0,0.65,20,0.0,0.0,1.0,0.4891304347826087,0.0,0.07177009381467092,0.0760243844207934,16360
length_variant,short,92,base_no_prompt,0.0,0.16586580673383325,0.42825787479471306,0.23554350289418294,0.2877540979140912,0.819183107951413,0.5543478260869565,0.6965177773119947,0.05,20,29.597826086956523,56.59782608695652,2.8630741778802262,0.41304347826086957,78.69565217391305,0.37040276596889,0.13261022245718812,16082
length_variant,short,92,full_prompt,1.0,1.0,1.0,1.0,1.0,1.0000000110139018,1.0,1.0,0.7,20,0.0,0.0,1.0,0.4891304347826087,0.0,0.0,0.0,16082
length_variant,short,92,qtraj_teacher_margin,0.13043478260869565,0.44005420980945725,0.6311276248653926,0.4884992954741861,0.5327723234809212,0.9321170909249265,0.8043478260869565,0.8917311147612107,0.55,20,16.956521739130434,28.456521739130434,1.2566871592482403,0.41304347826086957,42.53260869565217,0.330174287776371,0.2454692330684523,16082
length_variant,short,92,qtraj_topk_delta,0.11956521739130435,0.41722999897731905,0.6342313431383415,0.46985682557408465,0.5215671393057553,0.9196956585282865,0.7717391304347826,0.8843812440088411,0.55,20,5.315217391304348,18.33695652173913,1.6326731902854024,0.45652173913043476,4.369565217391305,0.09079612591539342,0.07915878456849516,16082
length_variant,short,92,qtraj_teacher_auto_margin,1.0,1.0,1.0,1.0,1.0,0.999999933268713,1.0,1.0,0.7,20,0.0,0.0,1.0,0.4891304347826087,0.0,0.06605791353954542,0.05891117936111049,16082
subtype,academic,6,base_no_prompt,0.3333333333333333,0.5037234613208063,0.6952351137089878,0.5439608835046098,0.58117453327707,0.9325974782307943,0.5,0.6833333333333335,,0,34.0,34.333333333333336,1.21432350718065,0.5,43.0,0.2835059775118252,0.24586802614175124,620
subtype,academic,6,full_prompt,1.0,1.0,1.0,1.0,1.0,0.9999999900658926,1.0,1.0,,0,0.0,0.0,1.0,0.8333333333333334,0.0,0.0,0.0,620
subtype,academic,6,qtraj_teacher_margin,0.5,0.6426563056402511,0.789933392533579,0.6825925179136189,0.6892605819682348,0.9843739370505015,0.6666666666666666,0.8468614718614718,,0,6.166666666666667,25.833333333333332,1.0331065759637188,0.6666666666666666,9.333333333333334,0.2467887810016851,0.2687325695074759,620
subtype,academic,6,qtraj_topk_delta,0.5,0.6026026355872157,0.752441047741803,0.6241663813406738,0.6315766271163121,0.9538877010345459,0.5,0.7031385281385282,,0,34.166666666666664,34.166666666666664,1.2235827664399093,0.5,57.5,0.06495417785027678,0.11194140873225153,620
subtype,academic,6,qtraj_teacher_auto_margin,1.0,1.0,1.0,1.0,1.0,0.9999993741512299,1.0,1.0,,0,0.0,0.0,1.0,0.8333333333333334,0.0,0.06907998896712651,0.09447134958708092,620
subtype,beginner_friendly,6,base_no_prompt,0.0,0.07277488131387247,0.33276756732308277,0.1458799420201979,0.18841840926013098,0.8517683247725168,0.5,0.5954264501499523,,0,99.33333333333333,99.33333333333333,2.782726423902895,0.0,279.6666666666667,0.1587449710393027,0.13567496168899762,943
subtype,beginner_friendly,6,full_prompt,1.0,1.0,1.0,1.0,1.0,1.00000003973643,1.0,1.0,,0,0.0,0.0,1.0,0.5,0.0,0.0,0.0,943
subtype,beginner_friendly,6,qtraj_teacher_margin,0.0,0.4636972242272109,0.630285427108115,0.5107044765573564,0.5648160062127308,0.9481585025787354,0.5,0.8118151428477032,,0,30.666666666666668,31.333333333333332,1.4363211951447246,0.3333333333333333,78.83333333333333,0.31151235805372096,0.25032250687212687,943
subtype,beginner_friendly,6,qtraj_topk_delta,0.0,0.5694183145847463,0.7675082902741859,0.6378454015712901,0.6550321389505303,0.9822106262048086,0.8333333333333334,0.9048752834467121,,0,0.3333333333333333,0.3333333333333333,1.0065359477124183,0.5,3.1666666666666665,0.062236833153448794,0.07016159328296995,943
subtype,beginner_friendly,6,qtraj_teacher_auto_margin,1.0,1.0,1.0,1.0,1.0,1.00000003973643,1.0,1.0,,0,0.0,0.0,1.0,0.5,0.0,0.04118184145418627,0.05215772167698132,943
subtype,clear_coherent_structure,30,base_no_prompt,0.0,0.19302411078324758,0.5116961917807822,0.2889165418423731,0.3466334590844751,0.880035005013148,0.5333333333333333,0.7511621315192745,,0,-16.566666666666666,29.033333333333335,0.8829142362233383,0.5,-75.43333333333334,0.10163174566435346,0.08536016388539223,5879
subtype,clear_coherent_structure,30,full_prompt,1.0,1.0,1.0,1.0,1.0,1.0000000218550364,1.0,1.0,,0,0.0,0.0,1.0,0.5,0.0,0.0,0.0,5879
subtype,clear_coherent_structure,30,qtraj_teacher_margin,0.0,0.3488218749381541,0.6008779684518176,0.4256590957824373,0.47441576540235597,0.9288658440113068,0.8,0.843476272404844,,0,11.866666666666667,34.86666666666667,1.1470722959650108,0.4,9.4,0.2508892699362012,0.23430150316536993,5879
subtype,clear_coherent_structure,30,qtraj_topk_delta,0.0,0.3689602067349717,0.6266538720511365,0.43475526465239744,0.4812002147467874,0.9227941811084748,0.8333333333333334,0.8885834667977527,,0,-0.4666666666666667,20.2,1.0122505759049847,0.4666666666666667,-29.533333333333335,0.054199425028108004,0.053861378418328026,5879
subtype,clear_coherent_structure,30,qtraj_teacher_auto_margin,1.0,1.0,1.0,1.0,1.0,1.0000000218550364,1.0,1.0,,0,0.0,0.0,1.0,0.5,0.0,0.047443358174135135,0.04579991872784318,5879
subtype,complete_main_points,30,base_no_prompt,0.0,0.1541701925196481,0.48812453681483164,0.23354338473808714,0.27740055339904907,0.8823354164759318,0.6,0.7941365512794085,,0,-8.466666666666667,25.533333333333335,0.9849791210835448,0.4,-89.66666666666667,0.06609387670281969,0.06698997511972962,6938
subtype,complete_main_points,30,full_prompt,1.0,1.0,1.0,1.0,1.0,0.9999999900658926,1.0,1.0,,0,0.0,0.0,1.0,0.3,0.0,0.0,0.0,6938
subtype,complete_main_points,30,qtraj_teacher_margin,0.0,0.2970260976047745,0.5610160383123279,0.3646530053254901,0.40043633909731996,0.905933137734731,0.7333333333333333,0.8306556670842383,,0,-8.066666666666666,19.866666666666667,0.947662392084406,0.3,-78.9,0.21670460632784938,0.20992363896246452,6938
subtype,complete_main_points,30,qtraj_topk_delta,0.0,0.27841779750031387,0.5745079096514256,0.35146350854369673,0.38642819223394,0.9159688949584961,0.6666666666666666,0.8244085411942554,,0,-9.2,14.0,0.9326686629301082,0.23333333333333334,-53.96666666666667,0.058456686120122586,0.06002876638861619,6938
subtype,complete_main_points,30,qtraj_teacher_auto_margin,1.0,1.0,1.0,1.0,1.0,0.9999999900658926,1.0,1.0,,0,0.0,0.0,1.0,0.3,0.0,0.04229827524191486,0.04306924275611237,6938
subtype,concise_direct,6,base_no_prompt,0.0,0.0679139936846702,0.2620780226976058,0.15815324405840778,0.1606630195392659,0.7808220187822977,1.0,0.612670068027211,,0,213.66666666666666,213.66666666666666,6.691147564836576,0.0,605.6666666666666,0.5903856911061537,0.5707552614106904,260
subtype,concise_direct,6,full_prompt,1.0,1.0,1.0,1.0,1.0,1.0000000298023224,1.0,1.0,,0,0.0,0.0,1.0,1.0,0.0,0.0,0.0,260
subtype,concise_direct,6,qtraj_teacher_margin,0.3333333333333333,0.5127012526896804,0.5845476995636489,0.5731989310174225,0.5845476995636489,0.9652824997901917,1.0,1.0,,0,99.83333333333333,103.16666666666667,2.8780885308473088,0.5,197.66666666666666,0.8045548855502132,0.7843325829632634,260
subtype,concise_direct,6,qtraj_topk_delta,0.16666666666666666,0.6624277421662702,0.7982060004101731,0.7173242834818746,0.7559050726881145,0.9703686237335205,1.0,1.0,,0,0.5,4.166666666666667,1.032857395260496,1.0,0.16666666666666666,0.06958132090055204,0.07453987707506082,260
subtype,concise_direct,6,qtraj_teacher_auto_margin,1.0,1.0,1.0,1.0,1.0,1.0000000298023224,1.0,1.0,,0,0.0,0.0,1.0,1.0,0.0,0.0664055296003608,0.0677826550411947,260
subtype,cover_key_aspects,30,base_no_prompt,0.0,0.2336430411328345,0.5088173098236799,0.30016725611562395,0.35791466600049326,0.8582969685395558,0.6,0.8455746363077189,,0,10.766666666666667,25.966666666666665,1.2867536199398715,0.3,22.3,0.05405043324913571,0.052359224048036404,6328
subtype,cover_key_aspects,30,full_prompt,1.0,1.0,1.0,1.0,1.0,1.0,1.0,1.0,,0,0.0,0.0,1.0,0.3,0.0,0.0,0.0,6328
subtype,cover_key_aspects,30,qtraj_teacher_margin,0.1,0.4113060605399017,0.6255321014713631,0.4574088606022125,0.4934560973138039,0.9476029952367147,0.7,0.8401372242758798,,0,-1.6,9.533333333333333,1.0138761155055558,0.3,-2.2333333333333334,0.19073915358641935,0.179513800684864,6328
subtype,cover_key_aspects,30,qtraj_topk_delta,0.06666666666666667,0.3792894797757863,0.6150562406743761,0.4296707534097538,0.4746990921320178,0.9272331098715464,0.8,0.9005081822938964,,0,2.3666666666666667,4.3,1.0397434475061502,0.3,14.666666666666666,0.0348970923800878,0.03972709170323734,6328
subtype,cover_key_aspects,30,qtraj_teacher_auto_margin,1.0,1.0,1.0,1.0,1.0,0.9999999483426412,1.0,1.0,,0,0.0,0.0,1.0,0.3,0.0,0.027702178193499283,0.0306156984329704,6328
subtype,direct_complete_response,30,base_no_prompt,0.0,0.1806361789893362,0.4183550967993485,0.23435998453464935,0.3039521079504729,0.8004954238732656,0.6333333333333333,0.7203601876689005,,0,49.1,66.1,1.7250354472868852,0.5,91.3,0.09830121344391009,0.07355172246913594,4249
subtype,direct_complete_response,30,full_prompt,1.0,1.0,1.0,1.0,1.0,1.000000003973643,1.0,1.0,,0,0.0,0.0,1.0,0.7333333333333333,0.0,0.0,0.0,4249
subtype,direct_complete_response,30,qtraj_teacher_margin,0.06666666666666667,0.44923948445026074,0.6227762294068515,0.5100582737539452,0.5554341718384956,0.949672402938207,0.9333333333333333,0.885961277653007,,0,46.833333333333336,49.766666666666666,1.6090217106066207,0.4666666666666667,101.33333333333333,0.33007508416903913,0.23994805342292538,4249
subtype,direct_complete_response,30,qtraj_topk_delta,0.06666666666666667,0.4747529593157444,0.670653841083099,0.5337165314137505,0.5793108713671504,0.9391185482343037,0.8333333333333334,0.8906070746296311,,0,12.8,22.133333333333333,1.1739478364221259,0.7666666666666667,32.766666666666666,0.038548045431078246,0.04618388848605079,4249
subtype,direct_complete_response,30,qtraj_teacher_auto_margin,1.0,1.0,1.0,1.0,1.0,0.9999997754891713,1.0,1.0,,0,0.0,0.0,1.0,0.7333333333333333,0.0,0.03145253637083648,0.03522258124253641,4249
subtype,exactly_two,6,base_no_prompt,0.0,0.08663476592643292,0.338562245970802,0.16380000314274215,0.2327262324871321,0.8405837217966715,0.0,0.49829931972789115,0.0,6,137.83333333333334,137.83333333333334,2.6326723178806053,0.5,376.1666666666667,0.2924094784563855,0.27689944825908974,595
subtype,exactly_two,6,full_prompt,1.0,1.0,1.0,1.0,1.0,1.0000000298023224,1.0,1.0,1.0,6,0.0,0.0,1.0,1.0,0.0,0.0,0.0,595
subtype,exactly_two,6,qtraj_teacher_margin,0.0,0.2045117337173725,0.38516735163016413,0.2803477749889178,0.3548922113873984,0.8755370378494263,0.5,0.611111111111111,0.0,6,135.5,135.5,2.416119705801263,0.16666666666666666,440.1666666666667,0.5034111727458324,0.520453543699053,595
subtype,exactly_two,6,qtraj_topk_delta,0.0,0.2641730910611878,0.5244734848592484,0.356287186193225,0.4105254754433114,0.9165882567564646,0.5,0.619047619047619,0.0,6,38.166666666666664,58.833333333333336,1.5302632260506186,1.0,51.0,0.14000294730040316,0.15123033175342104,595
subtype,exactly_two,6,qtraj_teacher_auto_margin,1.0,1.0,1.0,1.0,1.0,1.0000000298023224,1.0,1.0,1.0,6,0.0,0.0,1.0,1.0,0.0,0.10029188232184617,0.10466502700684804,595
subtype,fixed_prefix,6,base_no_prompt,0.0,0.21192957355368022,0.40629557657151905,0.3433594624070815,0.3783863770494163,0.8459006249904633,1.0,0.6749999999999999,0.0,6,40.0,40.0,2.599380616364312,1.0,148.5,2.0414122587591943,1.9642434727030875,168
subtype,fixed_prefix,6,full_prompt,1.0,1.0,1.0,1.0,1.0,0.9999999900658926,1.0,1.0,1.0,6,0.0,0.0,1.0,1.0,0.0,0.0,0.0,168
subtype,fixed_prefix,6,qtraj_teacher_margin,1.0,1.0,1.0,1.0,1.0,0.9999999900658926,1.0,1.0,1.0,6,-0.16666666666666666,0.16666666666666666,0.9947916666666666,1.0,0.0,0.4593461517772608,0.47215577669519704,168
subtype,fixed_prefix,6,qtraj_topk_delta,0.6666666666666666,0.9441997925384666,0.9703448275862069,0.9503968253968255,0.9703448275862069,0.9865720371405283,1.0,1.0,1.0,6,0.16666666666666666,0.16666666666666666,1.0052083333333333,1.0,0.3333333333333333,0.03768507213038989,0.04118623044169906,168
subtype,fixed_prefix,6,qtraj_teacher_auto_margin,1.0,1.0,1.0,1.0,1.0,0.9999999900658926,1.0,1.0,1.0,6,0.0,0.0,1.0,1.0,0.0,0.08073953689156253,0.08469824019614218,168
subtype,fixed_suffix,6,base_no_prompt,0.0,0.014546159152090012,0.07558501235143782,0.03852116875372689,0.07173144780423163,0.6307817747195562,0.0,0.2015306122448979,0.0,6,243.66666666666666,243.66666666666666,25.544226579520696,0.0,725.6666666666666,2.189830224101941,1.5482515056614659,80
subtype,fixed_suffix,6,full_prompt,1.0,1.0,1.0,1.0,1.0,0.999999980131785,1.0,1.0,0.16666666666666666,6,0.0,0.0,1.0,1.0,0.0,0.0,0.0,80
subtype,fixed_suffix,6,qtraj_teacher_margin,1.0,1.0,1.0,1.0,1.0,0.999999980131785,1.0,1.0,0.16666666666666666,6,-0.16666666666666666,0.16666666666666666,0.9666666666666667,1.0,0.0,0.7511182635887693,0.6721906554579163,80
subtype,fixed_suffix,6,qtraj_topk_delta,0.8333333333333334,0.8333333333333334,0.8333333333333334,0.8333333333333334,0.8333333333333334,0.9162662426630656,1.0,1.0,0.0,6,41.833333333333336,41.833333333333336,9.366666666666667,0.8333333333333334,41.333333333333336,0.3385186413041204,0.19412105823469167,80
subtype,fixed_suffix,6,qtraj_teacher_auto_margin,1.0,1.0,1.0,1.0,1.0,0.999999980131785,1.0,1.0,0.16666666666666666,6,0.0,0.0,1.0,1.0,0.0,0.17158769171096663,0.11837837188141691,80
subtype,item_marker,6,base_no_prompt,0.0,0.05984454742532045,0.24086282427824915,0.09397581761553496,0.17518442666316625,0.7129726906617483,0.16666666666666666,0.47851616619187726,0.0,6,0.0,0.0,1.0,0.0,188.83333333333334,0.09900159658259107,0.09900159658259107,1536
subtype,item_marker,6,full_prompt,1.0,1.0,1.0,1.0,1.0,1.0000000198682149,1.0,1.0,0.0,6,0.0,0.0,1.0,0.0,0.0,0.0,0.0,1536
subtype,item_marker,6,qtraj_teacher_margin,0.0,0.2590720052896423,0.5598673140132623,0.44045656668778826,0.5193494912456879,0.9039338131745657,1.0,0.8839101376629981,0.0,6,-93.83333333333333,93.83333333333333,0.6334635416666666,0.6666666666666666,-205.66666666666666,0.24748938838919846,0.24748938838919846,1536
subtype,item_marker,6,qtraj_topk_delta,0.0,0.30379734949436316,0.5602356116787767,0.4084330661233249,0.5127680067584973,0.9352256854375204,1.0,0.9293604738821228,0.0,6,-39.0,39.0,0.84765625,0.3333333333333333,-94.83333333333333,0.11380304580843559,0.11380304580843559,1536
subtype,item_marker,6,qtraj_teacher_auto_margin,1.0,1.0,1.0,1.0,1.0,1.0000000198682149,1.0,1.0,0.0,6,0.0,0.0,1.0,0.0,0.0,0.037042878154699165,0.037042878154699165,1536
subtype,json_answer,6,base_no_prompt,0.0,0.024928216292052937,0.188811483280275,0.06100924955327691,0.12525344961548593,0.7724133332570394,0.0,0.21785714285714286,0.0,6,212.5,212.5,6.162659363351732,0.0,616.8333333333334,0.8208231686728125,0.7941316809888479,267
subtype,json_answer,6,full_prompt,1.0,1.0,1.0,1.0,1.0,1.00000003973643,1.0,1.0,1.0,6,0.0,0.0,1.0,1.0,0.0,0.0,0.0,267
subtype,json_answer,6,qtraj_teacher_margin,0.16666666666666666,0.4046697168681268,0.522215690327557,0.4965672891991178,0.514933792061004,0.9235383967558543,0.6666666666666666,0.9365079365079364,0.6666666666666666,6,101.16666666666667,101.16666666666667,3.3006949599239133,0.6666666666666666,345.0,0.8553053004150765,0.8363712283603316,267
subtype,json_answer,6,qtraj_topk_delta,0.0,0.1585400483386026,0.34060152323676823,0.2609797658171214,0.302584756118764,0.8658144970734915,0.6666666666666666,0.9285714285714285,0.6666666666666666,6,131.33333333333334,131.33333333333334,4.053986956188471,0.6666666666666666,374.0,0.09474742497479734,0.10592805487961637,267
subtype,json_answer,6,qtraj_teacher_auto_margin,1.0,1.0,1.0,1.0,1.0,1.00000003973643,1.0,1.0,1.0,6,0.0,0.0,1.0,1.0,0.0,0.11368816231136314,0.11917165813594457,267
subtype,key_value,6,base_no_prompt,0.0,0.022070826990167536,0.11636657518666865,0.04805486677996638,0.07680611185284082,0.6259377499421438,0.0,0.4641912320483748,0.0,6,192.66666666666666,192.66666666666666,20.25094726062468,0.5,595.5,2.3289246055414288,0.6722134221794704,343
subtype,key_value,6,full_prompt,1.0,1.0,1.0,1.0,1.0,0.999999980131785,1.0,1.0,0.8333333333333334,6,0.0,0.0,1.0,0.8333333333333334,0.0,0.0,0.0,343
subtype,key_value,6,qtraj_teacher_margin,0.8333333333333334,0.881120489551155,0.9134680134680134,0.8860716700473293,0.9094276094276094,0.988603005806605,1.0,0.998015873015873,0.8333333333333334,6,0.0,0.0,1.0,0.8333333333333334,0.6666666666666666,0.5114642973621218,0.45812219153956335,343
subtype,key_value,6,qtraj_topk_delta,0.6666666666666666,0.737484539954138,0.8134318423855165,0.7601389897313556,0.8039636581469649,0.9605472187201182,0.8333333333333334,0.9329004329004329,1.0,6,-32.333333333333336,32.666666666666664,0.8786024305555555,1.0,-39.833333333333336,0.0339879478168036,0.10538235392881551,343
subtype,key_value,6,qtraj_teacher_auto_margin,1.0,1.0,1.0,1.0,1.0,0.9999996920426687,1.0,1.0,0.8333333333333334,6,0.0,0.0,1.0,0.8333333333333334,0.0,0.12215074779008911,0.10201918440918854,343
subtype,markdown_table,6,base_no_prompt,0.0,0.05439333284609734,0.32263305867172015,0.11689824611679668,0.20252288128384854,0.7795856495698293,0.0,0.4857456140350877,0.0,6,64.16666666666667,64.16666666666667,1.5661479639581828,0.5,236.0,0.2899166584931083,0.2607219337372192,1136
subtype,markdown_table,6,full_prompt,1.0,1.0,1.0,1.0,1.0,0.999999980131785,1.0,1.0,0.5,6,0.0,0.0,1.0,0.5,0.0,0.0,0.0,1136
subtype,markdown_table,6,qtraj_teacher_margin,0.0,0.5153337397535965,0.6773143637150093,0.5580339978011736,0.605445459387613,0.9451385537783304,1.0,0.9674297924297924,0.5,6,-2.8333333333333335,2.8333333333333335,0.9737841234191599,0.5,-17.0,0.2523252752163124,0.28864091488703975,1136
subtype,markdown_table,6,qtraj_topk_delta,0.16666666666666666,0.5054029032364675,0.6670863820185599,0.5391687317678493,0.5798790971039096,0.9304988781611124,1.0,0.9815628815628816,0.6666666666666666,6,-2.0,2.0,0.9854014598540145,0.5,-22.0,0.14713667673391898,0.18156178821794766,1136
subtype,markdown_table,6,qtraj_teacher_auto_margin,1.0,1.0,1.0,1.0,1.0,0.999999980131785,1.0,1.0,0.5,6,0.0,0.0,1.0,0.5,0.0,0.11983875286951251,0.14479688561468526,1136
subtype,numbered_list,6,base_no_prompt,0.0,0.015272356283027325,0.1875503139791106,0.04395047374992658,0.11156390629667336,0.7089603046576182,0.5,0.49488765203050916,0.5,6,80.83333333333333,80.83333333333333,2.6581973581973584,0.0,452.1666666666667,0.2429421692754282,0.13368687612980037,1054
subtype,numbered_list,6,full_prompt,1.0,1.0,1.0,1.0,1.0,1.0,1.0,1.0,1.0,6,0.0,0.0,1.0,0.5,0.0,0.0,0.0,1054
subtype,numbered_list,6,qtraj_teacher_margin,0.0,0.6870612244457837,0.8397363075418637,0.728548922047374,0.8051505759781978,0.9624740878740946,1.0,0.9833024118738405,0.8333333333333334,6,3.8333333333333335,16.5,1.002302471833722,0.6666666666666666,40.0,0.1528938915717906,0.11802107344375525,1054
subtype,numbered_list,6,qtraj_topk_delta,0.16666666666666666,0.6925821188305337,0.8506203175957845,0.7371866808376079,0.828263348046122,0.9685307641824087,1.0,0.9956194599051743,1.0,6,-0.3333333333333333,6.0,0.9984123081779331,0.6666666666666666,24.166666666666668,0.055804256034925635,0.04851355495963255,1054
subtype,numbered_list,6,qtraj_teacher_auto_margin,1.0,1.0,1.0,1.0,1.0,1.0,1.0,1.0,1.0,6,0.0,0.0,1.0,0.5,0.0,0.03648822242675243,0.0340777337539357,1054
subtype,patient_teacher,6,base_no_prompt,0.0,0.10648759074288973,0.4343497539991537,0.15918831617778761,0.2427041127915508,0.8165447115898132,0.6666666666666666,0.7323412698412698,,0,20.333333333333332,35.666666666666664,1.1181580483077251,0.5,58.333333333333336,0.3492247985054153,0.3246874785770108,939
subtype,patient_teacher,6,full_prompt,1.0,1.0,1.0,1.0,1.0,0.999999980131785,1.0,1.0,,0,0.0,0.0,1.0,0.8333333333333334,0.0,0.0,0.0,939
subtype,patient_teacher,6,qtraj_teacher_margin,0.0,0.1960771987076065,0.4004845591235659,0.23868427030101128,0.3253364370155257,0.8397649824619293,0.8333333333333334,0.832936507936508,,0,81.83333333333333,81.83333333333333,1.7285538713901154,0.16666666666666666,261.6666666666667,0.4350234804530054,0.4383683684654462,939
subtype,patient_teacher,6,qtraj_topk_delta,0.0,0.2126988943820779,0.4650634009630464,0.286427923489271,0.33973220070977406,0.8792095283667246,0.5,0.7494897959183674,,0,37.666666666666664,64.0,1.3843102112473549,0.6666666666666666,139.83333333333334,0.18406553545760337,0.20517065566508544,939
subtype,patient_teacher,6,qtraj_teacher_auto_margin,1.0,1.0,1.0,1.0,1.0,0.999999980131785,1.0,1.0,,0,0.0,0.0,1.0,0.8333333333333334,0.0,0.14987216181503507,0.15858756214578373,939
subtype,pipe_line,6,base_no_prompt,0.0,0.06305140279037469,0.15801609069161765,0.11034553678516568,0.14133275351124266,0.7642209132512411,0.5,0.4145081109366824,0.0,6,73.0,73.0,6.361616161616162,0.5,286.1666666666667,0.8382589722397187,0.21805852151013372,685
subtype,pipe_line,6,full_prompt,1.0,1.0,1.0,1.0,1.0,0.9999999602635702,1.0,1.0,0.8333333333333334,6,0.0,0.0,1.0,0.6666666666666666,0.0,0.0,0.0,685
subtype,pipe_line,6,qtraj_teacher_margin,0.5,0.5731412999995579,0.7454035721561746,0.6926984183695272,0.7454035721561746,0.9692292412122091,1.0,1.0,0.8333333333333334,6,-61.0,68.0,0.7772135416666667,1.0,-123.16666666666667,2.213154846925639,4.037756080836875,685
subtype,pipe_line,6,qtraj_topk_delta,0.5,0.5629886687834935,0.7408090795323631,0.7010174773753048,0.7202098285960336,0.9720520079135895,1.0,1.0,0.8333333333333334,6,-63.5,67.16666666666667,0.7600694444444445,1.0,-127.66666666666667,1.8504759482681596,3.945650921661135,685
subtype,pipe_line,6,qtraj_teacher_auto_margin,1.0,1.0,1.0,1.0,1.0,0.9999997417132059,1.0,1.0,0.8333333333333334,6,0.0,0.0,1.0,0.6666666666666666,0.0,0.08070474054142845,0.04041150347374819,685
subtype,professional_advisor,6,base_no_prompt,0.0,0.28838013095566056,0.5359447876367249,0.36186511519693215,0.3789385753577747,0.8786395788192749,0.8333333333333334,0.8565192743764173,,0,0.16666666666666666,47.5,1.5037257183887907,1.0,-56.166666666666664,0.4999308469578318,0.26778821675135,876
subtype,professional_advisor,6,full_prompt,1.0,1.0,1.0,1.0,1.0,0.9999999701976776,1.0,1.0,,0,0.0,0.0,1.0,0.6666666666666666,0.0,0.0,0.0,876
subtype,professional_advisor,6,qtraj_teacher_margin,0.0,0.37774274890796494,0.5530895843455778,0.43619864673522385,0.4724337357416614,0.9346825182437897,0.8333333333333334,0.8890778533635677,,0,68.5,79.16666666666667,2.8631137125767387,0.5,116.16666666666667,0.5456228953460919,0.3700857959245223,876
subtype,professional_advisor,6,qtraj_topk_delta,0.0,0.3414343566524425,0.5946774778225619,0.4357363146331958,0.48312975315846324,0.9147748152414957,0.6666666666666666,0.8213048855905999,,0,-12.833333333333334,51.166666666666664,1.2302911749315542,0.8333333333333334,-108.33333333333333,0.12384949747776268,0.1290455942654579,876
subtype,professional_advisor,6,qtraj_teacher_auto_margin,1.0,1.0,1.0,1.0,1.0,0.9999997516473135,1.0,1.0,,0,0.0,0.0,1.0,0.6666666666666666,0.0,0.12594015829767963,0.1162442784310195,876
subtype,relationships_and_reasons,30,base_no_prompt,0.0,0.12121445820411854,0.4222493671077017,0.2073329349098571,0.2617281568232313,0.8129827857017518,0.3333333333333333,0.6510717262818102,,0,-60.833333333333336,60.833333333333336,0.7569153801046754,0.5,-221.23333333333332,0.24939339372027824,0.2543709029974488,7446
subtype,relationships_and_reasons,30,full_prompt,1.0,1.0,1.0,1.0,1.0,0.999999980131785,1.0,1.0,,0,0.0,0.0,1.0,0.06666666666666667,0.0,0.0,0.0,7446
subtype,relationships_and_reasons,30,qtraj_teacher_margin,0.0,0.31080698552079805,0.5421114427361761,0.3446318790975687,0.4018231190298349,0.8905765930811564,0.6666666666666666,0.8481823292642622,,0,-5.666666666666667,6.133333333333334,0.9781082889163122,0.16666666666666666,-33.53333333333333,0.32716788563009724,0.3281654907477431,7446
subtype,relationships_and_reasons,30,qtraj_topk_delta,0.0,0.2944551760275806,0.555859335281938,0.33622936950827803,0.3916640905879506,0.8861585021018982,0.6666666666666666,0.8438386862535469,,0,-6.9,6.9,0.9680168593227608,0.16666666666666666,-54.46666666666667,0.18639505872630735,0.19065081759063715,7446
subtype,relationships_and_reasons,30,qtraj_teacher_auto_margin,1.0,1.0,1.0,1.0,1.0,0.9999999483426412,1.0,1.0,,0,0.0,0.0,1.0,0.06666666666666667,0.0,0.1312393107821427,0.13387287417809865,7446
subtype,self_contained_reasoning,30,base_no_prompt,0.0,0.18741729517248942,0.48530630959190535,0.26594920084125484,0.3059363331011874,0.8444063186645507,0.7333333333333333,0.7955591630591631,,0,10.466666666666667,33.06666666666667,1.319851082043903,0.4,-17.7,0.10785180872438468,0.08574178483106738,5797
subtype,self_contained_reasoning,30,full_prompt,1.0,1.0,1.0,1.0,1.0,1.000000007947286,1.0,1.0,,0,0.0,0.0,1.0,0.5,0.0,0.0,0.0,5797
subtype,self_contained_reasoning,30,qtraj_teacher_margin,0.06666666666666667,0.4138052172370772,0.636290198518947,0.4633379133336559,0.5076689328123032,0.928276640176773,0.8666666666666667,0.8734502381494862,,0,9.7,18.833333333333332,1.0907162136841682,0.4,44.1,0.2700589075979278,0.2201650997378856,5797
subtype,self_contained_reasoning,30,qtraj_topk_delta,0.03333333333333333,0.3632702826576541,0.6076048060066745,0.42874390859682204,0.4781398005932674,0.9095930178960164,0.8333333333333334,0.855529708386851,,0,-9.333333333333334,26.533333333333335,0.9621355069877192,0.4,-47.766666666666666,0.053312629501622584,0.059806574428243796,5797
subtype,self_contained_reasoning,30,qtraj_teacher_auto_margin,1.0,1.0,1.0,1.0,1.0,1.000000007947286,1.0,1.0,,0,0.0,0.0,1.0,0.5,0.0,0.0462631765988164,0.04966532797247433,5797
subtype,storyteller,6,base_no_prompt,0.0,0.15499035467994557,0.47338224061238093,0.20581197587307157,0.2648144075958722,0.8545699914296468,0.5,0.7143939393939394,,0,15.5,15.5,1.0828057107386717,0.0,15.666666666666666,0.24430080053409742,0.22942306337799923,1445
subtype,storyteller,6,full_prompt,1.0,1.0,1.0,1.0,1.0,0.9999999900658926,1.0,1.0,,0,0.0,0.0,1.0,0.3333333333333333,0.0,0.0,0.0,1445
subtype,storyteller,6,qtraj_teacher_margin,0.0,0.19574793840898183,0.4170605263044019,0.23336884642681321,0.2869056412926779,0.8667496840159098,0.6666666666666666,0.8115588115588115,,0,15.5,15.5,1.0828057107386717,0.0,5.666666666666667,0.2935152729869161,0.2813578867803105,1445
subtype,storyteller,6,qtraj_topk_delta,0.0,0.18495507550514168,0.49167432638589736,0.22658837636132903,0.29640341852988333,0.8536877532800039,0.5,0.7501649144506287,,0,15.5,15.5,1.0828057107386717,0.0,-4.166666666666667,0.17913908477351503,0.1739454693443557,1445
subtype,storyteller,6,qtraj_teacher_auto_margin,1.0,1.0,1.0,1.0,1.0,0.9999998013178507,1.0,1.0,,0,0.0,0.0,1.0,0.3333333333333333,0.0,0.14567223982496477,0.14186895038469002,1445
subtype,xml_answer,6,base_no_prompt,0.0,0.02869909427472316,0.19160450199227172,0.0647929789143034,0.10423511598779889,0.5909822881221771,0.0,0.5112433862433863,0.0,6,-11.0,65.0,3.5515625000000006,1.0,77.33333333333333,0.871090930868761,0.17168555832646848,801
subtype,xml_answer,6,full_prompt,1.0,1.0,1.0,1.0,1.0,1.0,1.0,1.0,0.5,6,0.0,0.0,1.0,0.5,0.0,0.0,0.0,801
subtype,xml_answer,6,qtraj_teacher_margin,0.5,0.5722075033944941,0.6597574741479444,0.6270269983811099,0.650291302951843,0.949823796749115,0.8333333333333334,0.9338624338624338,0.5,6,-35.5,35.5,0.861328125,0.6666666666666666,-41.166666666666664,0.21926655940121198,0.27782834996900563,801
subtype,xml_answer,6,qtraj_topk_delta,0.5,0.5473189078605524,0.6603406604827438,0.5983714728750695,0.623468477927044,0.9448078374067942,0.6666666666666666,0.8835978835978836,0.6666666666666666,6,-72.0,72.0,0.71875,0.8333333333333334,-94.5,0.06082618921983916,0.11282841111839,801
subtype,xml_answer,6,qtraj_teacher_auto_margin,1.0,1.0,1.0,1.0,1.0,1.0,1.0,1.0,0.5,6,0.0,0.0,1.0,0.5,0.0,0.025631132277412687,0.04115436075619292,801
